Spinner	スピナー	스피너	Roue	Glücksrad	Ruleta	Ruota	转盘	Roleta
Adventure	冒険	모험	Aventure	Abenteuer	Aventura	Avventura	冒险	Aventura
Team	手持ち	지닌 포켓몬	Équipe	Team	Equipo	Squadra	队伍	Equipe
Pokédex	ポケモン図鑑	포켓몬 도감	Pokédex	Pokédex	Pokédex	Pokédex	宝可梦图鉴	Pokédex
PC Box	ボックス	PC 박스	Boîte PC	PC-Box	Caja PC	Box PC	电脑箱子	Caixa do PC
Poké Mart	フレンドリィショップ	프렌들리숍	Boutique	Pokémon-Markt	Tienda	Pokémon Market	友好商店	Poké Mart
Spin	回す	돌리기	Tourner	Drehen	Girar	Gira	转动	Girar
Battle	バトル	배틀	Combat	Kampf	Combate	Lotta	对战	Batalha
Dex	図鑑	도감	Pokédex	Pokédex	Pokédex	Pokédex	图鉴	Dex
PC	ボックス	PC	PC	PC	PC	PC	电脑	PC
Mart	ショップ	숍	Boutique	Markt	Tienda	Market	商店	Loja
Trainer	トレーナー	트레이너	Dresseur	Trainer	Entrenador	Allenatore	训练家	Treinador
Level	レベル	레벨	Niveau	Level	Nivel	Livello	等级	Nível
Coins	コイン	코인	Pièces	Münzen	Monedas	Monete	金币	Moedas
Settings	設定	설정	Paramètres	Einstellungen	Ajustes	Impostazioni	设置	Configurações
How to play	遊び方	플레이 방법	Comment jouer	Spielanleitung	Cómo jugar	Come si gioca	玩法	Como jogar
How to Play	遊び方	플레이 방법	Comment jouer	Spielanleitung	Cómo jugar	Come si gioca	玩法说明	Como jogar
Daily quests	デイリークエスト	일일 퀘스트	Quêtes du jour	Tagesaufgaben	Misiones diarias	Missioni giornaliere	每日任务	Missões diárias
Daily Quests	デイリークエスト	일일 퀘스트	Quêtes du jour	Tagesaufgaben	Misiones diarias	Missioni giornaliere	每日任务	Missões diárias
Poké Balls	モンスターボール	몬스터볼	Poké Balls	Pokébälle	Poké Balls	Poké Ball	精灵球	Poké Bolas
Great Balls	スーパーボール	슈퍼볼	Super Balls	Superbälle	Super Balls	Mega Ball	超级球	Grande Bolas
Ultra Balls	ハイパーボール	하이퍼볼	Hyper Balls	Hyperbälle	Ultra Balls	Ultra Ball	高级球	Ultra Bolas
Master Balls	マスターボール	마스터볼	Master Balls	Meisterbälle	Master Balls	Master Ball	大师球	Bolas Mestras
Poké	モンスター	몬스터	Poké	Poké	Poké	Poké	精灵	Poké
Great	スーパー	슈퍼	Super	Super	Super	Mega	超级	Grande
Ultra	ハイパー	하이퍼	Hyper	Hyper	Ultra	Ultra	高级	Ultra
Master	マスター	마스터	Master	Meister	Master	Master	大师	Mestra
Poké Ball	モンスターボール	몬스터볼	Poké Ball	Pokéball	Poké Ball	Poké Ball	精灵球	Poké Bola
Great Ball	スーパーボール	슈퍼볼	Super Ball	Superball	Super Ball	Mega Ball	超级球	Grande Bola
Ultra Ball	ハイパーボール	하이퍼볼	Hyper Ball	Hyperball	Ultra Ball	Ultra Ball	高级球	Ultra Bola
Master Ball	マスターボール	마스터볼	Master Ball	Meisterball	Master Ball	Master Ball	大师球	Bola Mestra
Safari Ball	サファリボール	사파리볼	Safari Ball	Safariball	Safari Ball	Safari Ball	狩猎球	Safári Bola
Shuffling Pokémon data...	ポケモンデータを 読み込み中…	포켓몬 데이터를 불러오는 중…	Chargement des Pokémon…	Pokémon-Daten werden geladen…	Cargando datos de Pokémon…	Caricamento dati Pokémon…	正在载入宝可梦数据…	Carregando dados dos Pokémon…
Game is in beta — bugs may occur.	ベータ版のため 不具合が あるかもしれません。	베타 버전이라 버그가 있을 수 있어요.	Jeu en bêta : des bugs peuvent survenir.	Das Spiel ist in der Beta – Fehler sind möglich.	El juego está en beta: puede haber errores.	Il gioco è in beta: potrebbero esserci bug.	游戏处于测试阶段，可能出现问题。	O jogo está em beta — podem ocorrer erros.
Spin · Catch · Battle!	回して・捕まえて・バトル!	돌리고·잡고·배틀!	Tourne · Attrape · Combats !	Drehen · Fangen · Kämpfen!	¡Gira · Atrapa · Combate!	Gira · Cattura · Lotta!	转动·捕捉·对战!	Gire · Capture · Batalhe!
{r} REGION	{r}地方	{r}지방	RÉGION DE {r}	REGION {r}	REGIÓN DE {r}	REGIONE DI {r}	{r}地区	REGIÃO DE {r}
{r} · GEN {n}	{r} · 第{n}世代	{r} · {n}세대	{r} · GÉN. {n}	{r} · GEN. {n}	{r} · GEN. {n}	{r} · GEN. {n}	{r} · 第{n}世代	{r} · GER. {n}
Choose Your Poké Ball	ボールを えらぼう	볼을 선택하세요	Choisis ta Poké Ball	Wähle deinen Ball	Elige tu Poké Ball	Scegli la tua Poké Ball	选择精灵球	Escolha sua Poké Bola
SPIN!	まわす!	돌려!	TOURNE !	DREHEN!	¡GIRAR!	GIRA!	转动!	GIRAR!
LOCK!	止める!	멈춰!	STOP !	STOPP!	¡PARAR!	STOP!	停!	PARAR!
LOCK	ストップ	멈춤	STOP	STOPP	PARAR	STOP	停	PARAR
Scanner Offline	スキャナー 待機中	스캐너 대기 중	Scanner inactif	Scanner inaktiv	Escáner inactivo	Scanner inattivo	扫描器待机	Scanner inativo
Ready to Scan...	スキャン準備OK…	스캔 준비 완료…	Prêt à scanner…	Bereit zum Scannen…	Listo para escanear…	Pronto alla scansione…	准备扫描…	Pronto para escanear…
Acquire precision radar lock to find target signature.	ルーレットを 止めて 野生の ポケモンを 探そう。	룰렛을 멈춰서 야생 포켓몬을 찾아보세요.	Arrête la roue pour trouver un Pokémon sauvage.	Stoppe das Rad, um ein wildes Pokémon zu finden.	Detén la ruleta para encontrar un Pokémon salvaje.	Ferma la ruota per trovare un Pokémon selvatico.	停下转盘来寻找野生宝可梦。	Pare a roleta para encontrar um Pokémon selvagem.
Awaiting Encounter...	出会い待ち…	만남 대기 중…	En attente d'une rencontre…	Warte auf Begegnung…	Esperando un encuentro…	In attesa di un incontro…	等待遭遇…	Aguardando encontro…
Click to spin!	クリックで 回す!	클릭해서 돌리기!	Clique pour tourner !	Zum Drehen klicken!	¡Haz clic para girar!	Clicca per girare!	点击转动!	Clique para girar!
Common	ふつう	일반	Commun	Gewöhnlich	Común	Comune	普通	Comum
Rare	レア	레어	Rare	Selten	Raro	Raro	稀有	Raro
Epic	エピック	에픽	Épique	Episch	Épico	Epico	史诗	Épico
Legendary	伝説	전설	Légendaire	Legendär	Legendario	Leggendario	传说	Lendário
Common Pokémon	ふつうの ポケモン	일반 포켓몬	Pokémon commun	Gewöhnliches Pokémon	Pokémon común	Pokémon comune	普通宝可梦	Pokémon comum
Gotcha! {p} was caught!	やったー! {p}を つかまえたぞ!	신난다! {p}을(를) 잡았다!	Et hop ! {p} est attrapé !	Toll! {p} wurde gefangen!	¡Ya está! ¡{p} atrapado!	Preso! Hai catturato {p}!	抓到了! 收服了{p}!	Peguei! {p} foi capturado!
Gotcha!	やったー!	신난다!	Et hop !	Toll!	¡Ya está!	Preso!	抓到了!	Peguei!
Lv. {n} · +{c} Coins	Lv. {n} · コイン +{c}	Lv. {n} · 코인 +{c}	N. {n} · +{c} pièces	Lv. {n} · +{c} Münzen	Nv. {n} · +{c} monedas	Liv. {n} · +{c} monete	Lv. {n} · 金币 +{c}	Nv. {n} · +{c} moedas
Lv. {n} · +{c} Coins (new Pokédex entry!)	Lv. {n} · コイン +{c}(図鑑に 新しく 登録!)	Lv. {n} · 코인 +{c} (도감 신규 등록!)	N. {n} · +{c} pièces (nouveau dans le Pokédex !)	Lv. {n} · +{c} Münzen (neuer Pokédex-Eintrag!)	Nv. {n} · +{c} monedas (¡nuevo en la Pokédex!)	Liv. {n} · +{c} monete (nuovo nel Pokédex!)	Lv. {n} · 金币 +{c}(图鉴新登记!)	Nv. {n} · +{c} moedas (novo registro na Pokédex!)
Oh no! {p} broke free!	ああっ! {p}が ボールから 出てしまった!	앗! {p}이(가) 볼에서 나와버렸다!	Oh non ! {p} s'est libéré !	Oh nein! {p} hat sich befreit!	¡Oh, no! ¡{p} se ha escapado!	Oh no! {p} si è liberato!	糟糕! {p}从球里出来了!	Ah não! {p} escapou!
It fled before you could throw another ball.	もう 1回 投げる前に 逃げてしまった。	다시 던지기 전에 도망쳐 버렸다.	Il s'est enfui avant ton prochain lancer.	Es ist geflohen, bevor du erneut werfen konntest.	Huyó antes de que lanzaras otra.	È fuggito prima del lancio successivo.	在你再次投球前逃走了。	Fugiu antes que você lançasse outra.
A wild {p} appeared!	あっ! 野生の {p}が 飛び出してきた!	앗! 야생의 {p}이(가) 튀어나왔다!	Un {p} sauvage apparaît !	Ein wildes {p} erscheint!	¡Un {p} salvaje apareció!	Un {p} selvatico è apparso!	野生的{p}跳出来了!	Um {p} selvagem apareceu!
Harsh Sunlight	日差しが強い	쾌청	Zénith	Sonnenschein	Sol abrasador	Sole intenso	大晴天	Sol forte
Rain	雨	비	Pluie	Regen	Lluvia	Pioggia	下雨	Chuva
Partly Cloudy	晴れ時々くもり	구름 조금	Nuageux	Leicht bewölkt	Parcialmente nublado	Poco nuvoloso	多云	Parcialmente nublado
Overcast	くもり	흐림	Couvert	Bedeckt	Nublado	Coperto	阴天	Nublado
Strong Winds	強風	강풍	Vent fort	Starker Wind	Viento fuerte	Vento forte	强风	Ventania
Snow	雪	눈	Neige	Schnee	Nieve	Neve	下雪	Neve
Fog	霧	안개	Brouillard	Nebel	Niebla	Nebbia	起雾	Neblina
The weather changed!	天気が 変わった!	날씨가 바뀌었다!	La météo a changé !	Das Wetter hat sich geändert!	¡Ha cambiado el tiempo!	Il tempo è cambiato!	天气变化了!	O clima mudou!
{w}: {x} Pokémon are out in force.	{w}: {x}タイプの ポケモンが たくさん 出ているぞ。	{w}: {x}타입 포켓몬이 많이 나타났다.	{w} : les Pokémon {x} sont de sortie.	{w}: {x}-Pokémon sind unterwegs.	{w}: ¡hay muchos Pokémon {x}!	{w}: tanti Pokémon {x} in giro.	{w}：{x}属性宝可梦大量出没。	{w}: muitos Pokémon {x} por aí.
{x} types appear 3× more often. In battle: {y}. Next: {z} in {d}.	{x}タイプが 3倍 出やすい。バトル: {y}。次は {d}後に {z}。	{x}타입이 3배 더 자주 나타나요. 배틀: {y}. 다음: {d} 후 {z}.	Les types {x} apparaissent 3× plus. En combat : {y}. Ensuite : {z} dans {d}.	{x}-Typen erscheinen 3× öfter. Im Kampf: {y}. Als Nächstes: {z} in {d}.	Los tipos {x} aparecen 3× más. En combate: {y}. Siguiente: {z} en {d}.	I tipi {x} appaiono 3× più spesso. In lotta: {y}. Prossimo: {z} tra {d}.	{x}属性出现率×3。对战中：{y}。{d}后变为{z}。	Tipos {x} aparecem 3× mais. Em batalha: {y}. Próximo: {z} em {d}.
Fire moves 1.5×, Water moves 0.5×	ほのお技 1.5倍・みず技 0.5倍	불꽃 기술 1.5배, 물 기술 0.5배	Attaques Feu ×1,5, Eau ×0,5	Feuer-Attacken 1,5×, Wasser 0,5×	Movimientos Fuego ×1,5, Agua ×0,5	Mosse Fuoco ×1,5, Acqua ×0,5	火系招式1.5倍，水系0.5倍	Golpes de Fogo 1,5×, Água 0,5×
Water moves 1.5×, Fire moves 0.5×	みず技 1.5倍・ほのお技 0.5倍	물 기술 1.5배, 불꽃 기술 0.5배	Attaques Eau ×1,5, Feu ×0,5	Wasser-Attacken 1,5×, Feuer 0,5×	Movimientos Agua ×1,5, Fuego ×0,5	Mosse Acqua ×1,5, Fuoco ×0,5	水系招式1.5倍，火系0.5倍	Golpes de Água 1,5×, Fogo 0,5×
{x} moves 1.2×	{x}の技 1.2倍	{x} 기술 1.2배	Attaques {x} ×1,2	{x}-Attacken 1,2×	Movimientos {x} ×1,2	Mosse {x} ×1,2	{x}招式1.2倍	Golpes {x} 1,2×
{x}: {y} Pokémon appear more often. {z} in battle.	{x}: {y}の ポケモンが 出やすい。バトルでは {z}。	{x}: {y} 포켓몬이 더 자주 나와요. 배틀에서 {z}.	{x} : plus de Pokémon {y}. En combat : {z}.	{x}: {y}-Pokémon erscheinen öfter. Im Kampf: {z}.	{x}: aparecen más Pokémon {y}. En combate: {z}.	{x}: più Pokémon {y}. In lotta: {z}.	{x}：{y}宝可梦更常出现。对战中{z}。	{x}: Pokémon {y} aparecem mais. Em batalha: {z}.
Display	表示	화면	Affichage	Anzeige	Pantalla	Schermo	显示	Tela
Dark	ダーク	다크	Sombre	Dunkel	Oscuro	Scuro	深色	Escuro
Light	ライト	라이트	Clair	Hell	Claro	Chiaro	浅色	Claro
Grey	グレー	그레이	Gris	Grau	Gris	Grigio	灰色	Cinza
Sound	サウンド	사운드	Son	Ton	Sonido	Audio	声音	Som
Sound On	サウンド オン	사운드 켜짐	Son activé	Ton an	Sonido activado	Audio attivo	声音开启	Som ligado
Sound Off	サウンド オフ	사운드 꺼짐	Son coupé	Ton aus	Sonido desactivado	Audio disattivo	声音关闭	Som desligado
Reduce motion	動きを 減らす	움직임 줄이기	Réduire les animations	Bewegung reduzieren	Reducir movimiento	Riduci animazioni	减少动态效果	Reduzir animações
Calmer menus and effects	メニューと 演出を おだやかに	메뉴와 효과를 차분하게	Menus et effets plus calmes	Ruhigere Menüs und Effekte	Menús y efectos más tranquilos	Menu ed effetti più calmi	更平静的菜单和特效	Menus e efeitos mais calmos
Install app	アプリを インストール	앱 설치	Installer l'appli	App installieren	Instalar app	Installa app	安装应用	Instalar app
Install	インストール	설치	Installer	Installieren	Instalar	Installa	安装	Instalar
Play full-screen and offline	全画面・オフラインで 遊べる	전체 화면과 오프라인으로 플레이	Joue en plein écran et hors ligne	Im Vollbild und offline spielen	Juega a pantalla completa y sin conexión	Gioca a schermo intero e offline	全屏离线游玩	Jogue em tela cheia e offline
Tap Share, then "Add to Home Screen"	共有 →「ホーム画面に追加」を タップ	공유 → "홈 화면에 추가"를 탭	Touche Partager puis « Sur l'écran d'accueil »	Tippe auf Teilen, dann „Zum Home-Bildschirm“	Toca Compartir y luego «Añadir a pantalla de inicio»	Tocca Condividi, poi «Aggiungi alla schermata Home»	点击分享，再点"添加到主屏幕"	Toque em Compartilhar e depois "Adicionar à Tela de Início"
Accent Theme	テーマカラー	테마 색상	Thème de couleur	Farbthema	Tema de color	Tema colore	主题色	Tema de cor
Rose	ローズ	로즈	Rose	Rose	Rosa	Rosa	玫瑰	Rosa
Ocean	オーシャン	오션	Océan	Ozean	Océano	Oceano	海洋	Oceano
Forest	フォレスト	포레스트	Forêt	Wald	Bosque	Foresta	森林	Floresta
Sunset	サンセット	선셋	Couchant	Abendrot	Atardecer	Tramonto	日落	Pôr do sol
Electric	エレキ	일렉트릭	Électrique	Elektro	Eléctrico	Elettrico	电气	Elétrico
Midnight	ミッドナイト	미드나잇	Minuit	Mitternacht	Medianoche	Mezzanotte	午夜	Meia-noite
Dragon	ドラゴン	드래곤	Dragon	Drache	Dragón	Drago	龙	Dragão
Steel	スチール	스틸	Acier	Stahl	Acero	Acciaio	钢	Aço
Language	言語	언어	Langue	Sprache	Idioma	Lingua	语言	Idioma
Save Data	セーブデータ	세이브 데이터	Sauvegarde	Spielstand	Datos guardados	Salvataggio	存档	Dados salvos
Backup / Restore	バックアップ / 復元	백업 / 복원	Sauvegarder / Restaurer	Sichern / Wiederherstellen	Copia / Restaurar	Backup / Ripristina	备份 / 恢复	Backup / Restaurar
Clear All	すべて 消す	모두 삭제	Tout effacer	Alles löschen	Borrar todo	Cancella tutto	全部清除	Apagar tudo
Support the Project	プロジェクトを 応援	프로젝트 후원	Soutenir le projet	Projekt unterstützen	Apoya el proyecto	Sostieni il progetto	支持本项目	Apoie o projeto
Support the project	プロジェクトを 応援	프로젝트 후원	Soutenir le projet	Projekt unterstützen	Apoya el proyecto	Sostieni il progetto	支持本项目	Apoie o projeto
Buy me a coffee	コーヒーを おごる	커피 한 잔 사주기	Offre-moi un café	Spendier mir einen Kaffee	Invítame a un café	Offrimi un caffè	请我喝咖啡	Me pague um café
Supporters	サポーター	후원자	Soutiens	Unterstützer	Colaboradores	Sostenitori	支持者	Apoiadores
Credits	クレジット	크레딧	Crédits	Mitwirkende	Créditos	Riconoscimenti	致谢	Créditos
Pokémon data & sprites	ポケモンデータ・画像	포켓몬 데이터 & 스프라이트	Données et sprites Pokémon	Pokémon-Daten & Sprites	Datos y sprites de Pokémon	Dati e sprite Pokémon	宝可梦数据与图像	Dados e sprites Pokémon
Icons	アイコン	아이콘	Icônes	Symbole	Iconos	Icone	图标	Ícones
Sound effects	効果音	효과음	Effets sonores	Soundeffekte	Efectos de sonido	Effetti sonori	音效	Efeitos sonoros
Various open sources	各種オープンソース	다양한 오픈 소스	Diverses sources libres	Verschiedene offene Quellen	Varias fuentes abiertas	Varie fonti libere	多种开源资源	Várias fontes abertas
Fonts	フォント	글꼴	Polices	Schriften	Fuentes	Caratteri	字体	Fontes
Styling	スタイル	스타일	Style	Gestaltung	Estilo	Stile	样式	Estilo
Pokémon and all related names are trademarks of Nintendo / Game Freak.	ポケモン および 関連する名称は 任天堂 / ゲームフリークの 商標です。	포켓몬 및 관련 명칭은 닌텐도 / 게임프리크의 상표입니다.	Pokémon et les noms associés sont des marques de Nintendo / Game Freak.	Pokémon und alle zugehörigen Namen sind Marken von Nintendo / Game Freak.	Pokémon y los nombres relacionados son marcas de Nintendo / Game Freak.	Pokémon e i nomi correlati sono marchi di Nintendo / Game Freak.	宝可梦及相关名称为任天堂 / Game Freak 的商标。	Pokémon e todos os nomes relacionados são marcas da Nintendo / Game Freak.
Done	完了	완료	Terminé	Fertig	Hecho	Fatto	完成	Pronto
{x} · {a} caught · {b} badges	{x} · 捕まえた数 {a} · バッジ {b}	{x} · 잡은 수 {a} · 배지 {b}	{x} · {a} capturés · {b} badges	{x} · {a} gefangen · {b} Orden	{x} · {a} capturados · {b} medallas	{x} · {a} catturati · {b} medaglie	{x} · 已捕捉{a} · 徽章{b}	{x} · {a} capturados · {b} insígnias
{x} · {a} caught · {b} badge	{x} · 捕まえた数 {a} · バッジ {b}	{x} · 잡은 수 {a} · 배지 {b}	{x} · {a} capturés · {b} badge	{x} · {a} gefangen · {b} Orden	{x} · {a} capturados · {b} medalla	{x} · {a} catturati · {b} medaglia	{x} · 已捕捉{a} · 徽章{b}	{x} · {a} capturados · {b} insígnia
Pokémon Spinner · v1.1.0	ポケモンスピナー · v1.1.0	포켓몬 스피너 · v1.1.0	Pokémon Spinner · v1.1.0	Pokémon Spinner · v1.1.0	Pokémon Spinner · v1.1.0	Pokémon Spinner · v1.1.0	宝可梦转盘 · v1.1.0	Pokémon Spinner · v1.1.0
Anonymous	名無し	익명	Anonyme	Anonym	Anónimo	Anonimo	匿名	Anônimo
Hall of Fame	殿堂入り	전당 등록	Panthéon	Ruhmeshalle	Hall de la Fama	Albo d'oro	名人堂	Hall da Fama
Be the first supporter!	最初の サポーターに なろう!	첫 번째 후원자가 되어주세요!	Sois le premier soutien !	Sei der erste Unterstützer!	¡Sé el primero en apoyar!	Diventa il primo sostenitore!	成为第一位支持者吧!	Seja o primeiro apoiador!
Your name will appear here when you support the project.	応援すると ここに 名前が のります。	후원하시면 여기에 이름이 표시됩니다.	Ton nom apparaîtra ici si tu soutiens le projet.	Dein Name erscheint hier, wenn du das Projekt unterstützt.	Tu nombre aparecerá aquí si apoyas el proyecto.	Il tuo nome apparirà qui se sostieni il progetto.	支持本项目后，你的名字会显示在这里。	Seu nome aparecerá aqui quando você apoiar o projeto.
Support now	今すぐ 応援	지금 후원하기	Soutenir	Jetzt unterstützen	Apoyar ahora	Sostieni ora	立即支持	Apoiar agora
Spin the wheel, then hit LOCK to land on a rarity. Better balls tilt the wheel toward rare Pokémon.	ルーレットを 回して ストップで レア度を 決めよう。いい ボールほど レアな ポケモンが 出やすい。	룰렛을 돌리고 멈춤을 눌러 희귀도를 정하세요. 좋은 볼일수록 희귀한 포켓몬이 잘 나와요.	Fais tourner la roue puis STOP pour tomber sur une rareté. Les meilleures balls favorisent les Pokémon rares.	Drehe das Rad und drücke STOPP, um eine Seltenheit zu erwischen. Bessere Bälle begünstigen seltene Pokémon.	Gira la ruleta y pulsa PARAR para elegir rareza. Las mejores balls favorecen a los Pokémon raros.	Gira la ruota e premi STOP per scegliere la rarità. Le Ball migliori favoriscono i Pokémon rari.	转动转盘，按"停"决定稀有度。越好的球越容易出现稀有宝可梦。	Gire a roleta e aperte PARAR para definir a raridade. Bolas melhores favorecem Pokémon raros.
{a} the wheel, then hit {b} to land on a rarity. Better balls tilt the wheel toward rare Pokémon.	ルーレットを {a}、{b}で レア度を 決めよう。いい ボールほど レアな ポケモンが 出やすい。	룰렛을 {a} {b}을(를) 눌러 희귀도를 정하세요. 좋은 볼일수록 희귀한 포켓몬이 잘 나와요.	{a} la roue puis {b} pour tomber sur une rareté. Les meilleures balls favorisent les Pokémon rares.	{a} am Rad und drücke {b}, um eine Seltenheit zu erwischen. Bessere Bälle begünstigen seltene Pokémon.	{a} la ruleta y pulsa {b} para elegir rareza. Las mejores balls favorecen a los Pokémon raros.	{a} la ruota e premi {b} per scegliere la rarità. Le Ball migliori favoriscono i Pokémon rari.	{a}转盘，按{b}决定稀有度。越好的球越容易出现稀有宝可梦。	{a} a roleta e aperte {b} para definir a raridade. Bolas melhores favorecem Pokémon raros.
{a} your ball when the ring is small and green for the best catch odds.	リングが 小さく 緑の ときに ボールを {a}と 捕まえやすい!	링이 작고 초록색일 때 볼을 {a} 잡기 쉬워요!	{a} ta ball quand l'anneau est petit et vert pour mieux capturer.	{a} deinen Ball, wenn der Ring klein und grün ist – so fängst du am besten.	{a} tu ball cuando el anillo esté pequeño y verde para capturar mejor.	{a} la Ball quando l'anello è piccolo e verde per catturare meglio.	圆环变小变绿时{a}球，最容易捕捉!	{a} a bola quando o anel estiver pequeno e verde para capturar melhor.
Throw	投げる	던지면	Lance	Wirf	Lanza	Lancia	投出	Lance
Build your {a} of up to 6 and check its type coverage.	最大6匹の {a}を 作って タイプの 相性を チェックしよう。	최대 6마리로 {a}을(를) 짜고 타입 상성을 확인하세요.	Forme ton {a} de 6 Pokémon et vérifie sa couverture de types.	Stelle dein {a} aus bis zu 6 Pokémon zusammen und prüfe die Typenabdeckung.	Arma tu {a} de hasta 6 y revisa su cobertura de tipos.	Crea la tua {a} fino a 6 e controlla la copertura dei tipi.	组建最多6只的{a}，并查看属性覆盖。	Monte sua {a} de até 6 e confira a cobertura de tipos.
Beat trainers, gym leaders, rivals and villains on the {a} map to earn coins, badges and new regions.	{a}マップで トレーナー・ジムリーダー・ライバル・悪の組織を 倒して コイン・バッジ・新しい地方を 手に入れよう。	{a} 지도에서 트레이너, 체육관 관장, 라이벌, 악의 조직을 이기고 코인·배지·새 지방을 얻으세요.	Bats dresseurs, champions d'arène, rivaux et méchants sur la carte {a} pour gagner pièces, badges et régions.	Besiege auf der {a}-Karte Trainer, Arenaleiter, Rivalen und Schurken für Münzen, Orden und neue Regionen.	Vence a entrenadores, líderes, rivales y villanos en el mapa de {a} para ganar monedas, medallas y regiones.	Sconfiggi allenatori, capipalestra, rivali e cattivi sulla mappa {a} per monete, medaglie e nuove regioni.	在{a}地图上击败训练家、道馆馆主、劲敌和反派，赢取金币、徽章和新地区。	Vença treinadores, líderes, rivais e vilões no mapa de {a} para ganhar moedas, insígnias e novas regiões.
Fill the {a} to claim milestone rewards, and stock up at the {b} (look for the Daily Deal!).	{a}を うめて 達成ごほうびを もらい、{b}で 買い物しよう(本日の特価も チェック!)。	{a}을(를) 채워 달성 보상을 받고 {b}에서 준비하세요 (오늘의 특가도 확인!).	Remplis le {a} pour des récompenses, et fais le plein à la {b} (regarde l'offre du jour !).	Fülle den {a} für Meilenstein-Belohnungen und kaufe im {b} ein (achte auf das Tagesangebot!).	Completa la {a} para ganar premios y abastécete en la {b} (¡mira la oferta del día!).	Completa il {a} per ottenere premi e fai scorta al {b} (guarda l'offerta del giorno!).	填满{a}领取里程碑奖励，并在{b}补给(别错过每日特价!)。	Complete a {a} para ganhar recompensas e abasteça-se na {b} (veja a oferta do dia!).
Check the {a} under the title: it changes every 3 hours, brings out certain types and powers up their moves.	タイトル下の {a}を チェック! 3時間ごとに 変わり、特定の タイプが 出やすく 技も 強くなる。	제목 아래의 {a}을(를) 확인하세요. 3시간마다 바뀌며 특정 타입이 잘 나오고 기술도 강해져요.	Regarde la {a} sous le titre : elle change toutes les 3 h, fait sortir certains types et renforce leurs attaques.	Sieh dir das {a} unter dem Titel an: Es wechselt alle 3 Stunden, lockt bestimmte Typen an und stärkt ihre Attacken.	Mira el {a} bajo el título: cambia cada 3 horas, atrae ciertos tipos y potencia sus movimientos.	Controlla il {a} sotto il titolo: cambia ogni 3 ore, attira certi tipi e potenzia le loro mosse.	看看标题下的{a}：每3小时变化一次，会吸引特定属性并强化其招式。	Veja o {a} abaixo do título: muda a cada 3 horas, atrai certos tipos e fortalece seus golpes.
weather	天気	날씨	météo	Wetter	tiempo	meteo	天气	clima
Finish the {a} (map button, top right) for coins, Apricorns and a daily chest.	{a}(右上の 地図ボタン)を クリアして コイン・ぼんぐり・デイリーボックスを ゲット!	{a}(오른쪽 위 지도 버튼)를 완료하고 코인, 규토리, 일일 상자를 받으세요.	Termine les {a} (bouton carte en haut à droite) pour des pièces, des Noigrumes et un coffre du jour.	Erledige die {a} (Karten-Knopf oben rechts) für Münzen, Aprikokos und eine Tagestruhe.	Completa las {a} (botón del mapa, arriba a la derecha) para ganar monedas, Bonguris y un cofre diario.	Completa le {a} (pulsante mappa in alto a destra) per monete, Ghicocche e uno scrigno giornaliero.	完成{a}(右上角地图按钮)可获得金币、球果和每日宝箱。	Complete as {a} (botão do mapa, canto superior direito) para ganhar moedas, Apricorns e um baú diário.
Visit the {a} from Adventure, and turn Apricorns into balls and gear at {b} in the Mart.	冒険から {a}へ 行こう。ぼんぐりは ショップの {b}で ボールや 道具に なる。	모험에서 {a}에 가보고, 숍의 {b}에서 규토리를 볼과 도구로 바꾸세요.	Visite le {a} depuis Aventure et transforme tes Noigrumes en balls et objets chez {b}, à la boutique.	Besuche die {a} über Abenteuer und lass Aprikokos in {b} im Markt zu Bällen und Items machen.	Visita la {a} desde Aventura y convierte Bonguris en balls y objetos en {b} de la tienda.	Visita la {a} da Avventura e trasforma le Ghicocche in Ball e strumenti da {b} nel Market.	从冒险前往{a}，并在商店的{b}把球果做成球和道具。	Visite a {a} pela Aventura e transforme Apricorns em bolas e itens na {b} da loja.
Shiny Pokémon appear at full odds, 1/4096. Good luck!	色違いは 通常確率 1/4096。がんばって!	색이 다른 포켓몬은 1/4096 확률. 행운을 빌어요!	Les Pokémon chromatiques apparaissent à 1/4096. Bonne chance !	Schillernde Pokémon erscheinen mit 1/4096. Viel Glück!	Los Pokémon variocolor aparecen con 1/4096. ¡Suerte!	I Pokémon cromatici appaiono con probabilità 1/4096. Buona fortuna!	异色宝可梦出现率为1/4096。祝你好运!	Pokémon brilhantes aparecem com chance de 1/4096. Boa sorte!
Close	閉じる	닫기	Fermer	Schließen	Cerrar	Chiudi	关闭	Fechar
Open	開ける	열기	Ouvrir	Öffnen	Abrir	Apri	打开	Abrir
Claim	受け取る	받기	Récupérer	Abholen	Reclamar	Riscuoti	领取	Resgatar
Claim!	受け取る!	받기!	Récupérer !	Abholen!	¡Reclamar!	Riscuoti!	领取!	Resgatar!
Back	もどる	뒤로	Retour	Zurück	Atrás	Indietro	返回	Voltar
Next	次へ	다음	Suivant	Weiter	Siguiente	Avanti	下一页	Próximo
Prev	前へ	이전	Précédent	Zurück	Anterior	Indietro	上一页	Anterior
Select	えらぶ	선택	Choisir	Wählen	Elegir	Scegli	选择	Escolher
Buy	買う	구매	Acheter	Kaufen	Comprar	Compra	购买	Comprar
Language Updated	言語を 変更しました	언어가 변경되었어요	Langue mise à jour	Sprache geändert	Idioma actualizado	Lingua aggiornata	已切换语言	Idioma atualizado
Finish your battle first, then switch languages.	バトルが 終わってから 言語を 切り替えてね。	배틀을 끝낸 뒤에 언어를 바꿔주세요.	Termine d'abord ton combat, puis change de langue.	Beende erst deinen Kampf, dann wechsle die Sprache.	Termina tu combate antes de cambiar de idioma.	Finisci prima la lotta, poi cambia lingua.	请先结束对战再切换语言。	Termine a batalha antes de trocar de idioma.
Could not load that language. Check your connection and try again.	言語を 読み込めませんでした。通信を 確認して もう一度 お試しください。	언어를 불러오지 못했어요. 연결을 확인하고 다시 시도하세요.	Impossible de charger cette langue. Vérifie ta connexion et réessaie.	Sprache konnte nicht geladen werden. Prüfe deine Verbindung.	No se pudo cargar el idioma. Revisa tu conexión e inténtalo de nuevo.	Impossibile caricare la lingua. Controlla la connessione e riprova.	无法载入该语言，请检查网络后重试。	Não foi possível carregar o idioma. Verifique sua conexão.
Installed!	インストール完了!	설치 완료!	Installé !	Installiert!	¡Instalado!	Installato!	已安装!	Instalado!
Pokémon Spinner is on your home screen.	ホーム画面に 追加されました。	홈 화면에 추가되었어요.	Pokémon Spinner est sur ton écran d'accueil.	Pokémon Spinner ist auf deinem Home-Bildschirm.	Pokémon Spinner ya está en tu pantalla de inicio.	Pokémon Spinner è nella schermata Home.	已添加到主屏幕。	O Pokémon Spinner está na sua tela inicial.
Ready offline	オフライン準備OK	오프라인 준비 완료	Prêt hors ligne	Offline bereit	Listo sin conexión	Pronto offline	可离线游玩	Pronto offline
The game will now load even without a connection.	通信が なくても 遊べるように なりました。	이제 연결 없이도 게임이 실행돼요.	Le jeu se lancera même sans connexion.	Das Spiel startet jetzt auch ohne Verbindung.	El juego cargará aunque no tengas conexión.	Il gioco ora si avvia anche senza connessione.	现在没有网络也能启动游戏。	O jogo agora abre mesmo sem conexão.
Add to Home Screen	ホーム画面に 追加	홈 화면에 추가	Sur l'écran d'accueil	Zum Home-Bildschirm	Añadir a inicio	Aggiungi a Home	添加到主屏幕	Adicionar à Tela de Início
In Safari, tap the Share button, then "Add to Home Screen".	Safariで 共有ボタン →「ホーム画面に追加」を タップ。	Safari에서 공유 버튼 → "홈 화면에 추가"를 탭하세요.	Dans Safari, touche Partager puis « Sur l'écran d'accueil ».	Tippe in Safari auf Teilen und dann „Zum Home-Bildschirm“.	En Safari, toca Compartir y luego «Añadir a pantalla de inicio».	In Safari tocca Condividi e poi «Aggiungi alla schermata Home».	在Safari中点击分享，再点"添加到主屏幕"。	No Safari, toque em Compartilhar e depois "Adicionar à Tela de Início".
