Travel each region, beat its trainers and Gym Leaders, and become Champion!	各地方を 旅して トレーナーと ジムリーダーに 勝ち、チャンピオンを 目指そう!	각 지방을 여행하며 트레이너와 체육관 관장을 이기고 챔피언이 되세요!	Parcours chaque région, bats ses dresseurs et champions d'arène, et deviens Maître !	Bereise jede Region, besiege Trainer und Arenaleiter und werde Champ!	¡Recorre cada región, vence a sus entrenadores y líderes, y conviértete en Campeón!	Viaggia in ogni regione, batti allenatori e capipalestra e diventa Campione!	走遍各地区，击败训练家和道馆馆主，成为冠军!	Viaje por cada região, vença treinadores e líderes e torne-se Campeão!
Safari Zone	サファリゾーン	사파리존	Parc Safari	Safari-Zone	Zona Safari	Zona Safari	狩猎地带	Zona Safári
Battle Tower	バトルタワー	배틀타워	Tour de Combat	Duellturm	Torre Batalla	Torre Lotta	对战塔	Torre de Batalha
Endless battles against scaled opponents (50 coins entry)	強さが 上がっていく 相手と 連戦(参加費 50コイン)	점점 강해지는 상대와 연전 (참가비 50코인)	Combats sans fin contre des adversaires de plus en plus forts (50 pièces)	Endlose Kämpfe gegen stärker werdende Gegner (50 Münzen Eintritt)	Combates sin fin contra rivales cada vez más fuertes (50 monedas)	Lotte infinite contro avversari sempre più forti (50 monete)	与逐渐变强的对手连续对战(入场费50金币)	Batalhas sem fim contra rivais cada vez mais fortes (50 moedas)
Catch Pokémon with Safari Balls, bait and rocks (500 coins entry)	サファリボール・エサ・石で ポケモンを 捕まえよう(入場料 500コイン)	사파리볼, 먹이, 돌로 포켓몬을 잡아요 (입장료 500코인)	Attrape des Pokémon avec des Safari Balls, appâts et pierres (500 pièces)	Fange Pokémon mit Safaribällen, Ködern und Steinen (500 Münzen Eintritt)	Atrapa Pokémon con Safari Balls, cebo y piedras (500 monedas)	Cattura Pokémon con Safari Ball, esche e sassi (500 monete)	用狩猎球、饵料和石头捕捉宝可梦(入场费500金币)	Capture Pokémon com Safári Bolas, iscas e pedras (500 moedas)
{a}/{b} cleared	{a}/{b} クリア	{a}/{b} 클리어	{a}/{b} terminés	{a}/{b} geschafft	{a}/{b} superados	{a}/{b} superati	已通关 {a}/{b}	{a}/{b} concluídos
Gen {n}	第{n}世代	{n}세대	Gén. {n}	Gen. {n}	Gen. {n}	Gen. {n}	第{n}世代	Ger. {n}
Gen {n} · {a}/{b} badges	第{n}世代 · バッジ {a}/{b}	{n}세대 · 배지 {a}/{b}	Gén. {n} · {a}/{b} badges	Gen. {n} · {a}/{b} Orden	Gen. {n} · {a}/{b} medallas	Gen. {n} · {a}/{b} medaglie	第{n}世代 · 徽章 {a}/{b}	Ger. {n} · {a}/{b} insígnias
NEXT!	つぎ!	다음!	SUIVANT !	WEITER!	¡SIGUIENTE!	PROSSIMO!	下一个!	PRÓXIMO!
Gym Badge Case	バッジケース	배지 케이스	Boîte à badges	Ordenbox	Estuche de medallas	Portamedaglie	徽章盒	Estojo de insígnias
Badge case	バッジケース	배지 케이스	Boîte à badges	Ordenbox	Estuche de medallas	Portamedaglie	徽章盒	Estojo de insígnias
Badges	バッジ	배지	Badges	Orden	Medallas	Medaglie	徽章	Insígnias
Badge	バッジ	배지	Badge	Orden	Medalla	Medaglia	徽章	Insígnia
{b} Badge (not earned)	{b}バッジ(未獲得)	{b} 배지 (미획득)	Badge {b} (pas obtenu)	{b}orden (fehlt noch)	Medalla {b} (sin conseguir)	Medaglia {b} (non ottenuta)	{b}徽章(未获得)	Insígnia {b} (não conquistada)
{b} Badge	{b}バッジ	{b} 배지	Badge {b}	{b}orden	Medalla {b}	Medaglia {b}	{b}徽章	Insígnia {b}
Beat the previous Champion to unlock	前の チャンピオンに 勝つと 解放	이전 챔피언을 이기면 해금	Bats le Maître précédent pour débloquer	Besiege den vorherigen Champ zum Freischalten	Vence al Campeón anterior para desbloquear	Batti il Campione precedente per sbloccare	击败上一位冠军后解锁	Vença o Campeão anterior para desbloquear
{t} — {x}	{t} — {x}	{t} — {x}	{t} — {x}	{t} — {x}	{t} — {x}	{t} — {x}	{t} — {x}	{t} — {x}
{x} · Lv {n}	{x} · Lv {n}	{x} · Lv {n}	{x} · N. {n}	{x} · Lv {n}	{x} · Nv {n}	{x} · Liv {n}	{x} · Lv {n}	{x} · Nv {n}
{x} · {y}	{x} · {y}	{x} · {y}	{x} · {y}	{x} · {y}	{x} · {y}	{x} · {y}	{x} · {y}	{x} · {y}
{x} Gym	{x}ジム	{x} 체육관	Arène de {x}	Arena von {x}	Gimnasio de {x}	Palestra di {x}	{x}道馆	Ginásio de {x}
Trainer	トレーナー	트레이너	Dresseur	Trainer	Entrenador	Allenatore	训练家	Treinador
Gym Leader	ジムリーダー	체육관 관장	Champion d'Arène	Arenaleiter	Líder de Gimnasio	Capopalestra	道馆馆主	Líder de Ginásio
Elite Four	四天王	사천왕	Conseil 4	Top Vier	Alto Mando	Superquattro	四天王	Elite dos Quatro
Champion	チャンピオン	챔피언	Maître	Champ	Campeón	Campione	冠军	Campeão
Rival	ライバル	라이벌	Rival	Rivale	Rival	Rivale	劲敌	Rival
Villain	悪の組織	악의 조직	Méchant	Schurke	Villano	Cattivo	反派	Vilão
Legendary Trainer	伝説の トレーナー	전설의 트레이너	Dresseur légendaire	Legendärer Trainer	Entrenador legendario	Allenatore leggendario	传说训练家	Treinador lendário
Gym Leader {x}	ジムリーダー {x}	체육관 관장 {x}	Champion d'Arène {x}	Arenaleiter {x}	Líder de Gimnasio {x}	Capopalestra {x}	道馆馆主 {x}	Líder de Ginásio {x}
Elite Four {x}	四天王 {x}	사천왕 {x}	Conseil 4 {x}	Top Vier {x}	Alto Mando {x}	Superquattro {x}	四天王 {x}	Elite dos Quatro {x}
Rival {x}	ライバルの {x}	라이벌 {x}	Rival {x}	Rivale {x}	Rival {x}	Rivale {x}	劲敌 {x}	Rival {x}
Kanto Champion {x}	カントー チャンピオン {x}	관동 챔피언 {x}	Maître de Kanto {x}	Kanto-Champ {x}	Campeón de Kanto {x}	Campione di Kanto {x}	关都冠军 {x}	Campeão de Kanto {x}
Johto Champion {x}	ジョウト チャンピオン {x}	성도 챔피언 {x}	Maître de Johto {x}	Johto-Champ {x}	Campeón de Johto {x}	Campione di Johto {x}	城都冠军 {x}	Campeão de Johto {x}
Hoenn Champion {x}	ホウエン チャンピオン {x}	호연 챔피언 {x}	Maître de Hoenn {x}	Hoenn-Champ {x}	Campeón de Hoenn {x}	Campione di Hoenn {x}	丰缘冠军 {x}	Campeão de Hoenn {x}
Sinnoh Champion {x}	シンオウ チャンピオン {x}	신오 챔피언 {x}	Maîtresse de Sinnoh {x}	Sinnoh-Champ {x}	Campeona de Sinnoh {x}	Campionessa di Sinnoh {x}	神奥冠军 {x}	Campeã de Sinnoh {x}
Unova Champion {x}	イッシュ チャンピオン {x}	하나 챔피언 {x}	Maître d'Unys {x}	Einall-Champ {x}	Campeón de Teselia {x}	Campione di Unima {x}	合众冠军 {x}	Campeão de Unova {x}
Kalos Champion {x}	カロス チャンピオン {x}	칼로스 챔피언 {x}	Maîtresse de Kalos {x}	Kalos-Champ {x}	Campeona de Kalos {x}	Campionessa di Kalos {x}	卡洛斯冠军 {x}	Campeã de Kalos {x}
Alola Champion {x}	アローラ チャンピオン {x}	알로라 챔피언 {x}	Maître d'Alola {x}	Alola-Champ {x}	Campeón de Alola {x}	Campione di Alola {x}	阿罗拉冠军 {x}	Campeão de Alola {x}
Galar Champion {x}	ガラル チャンピオン {x}	가라르 챔피언 {x}	Maître de Galar {x}	Galar-Champ {x}	Campeón de Galar {x}	Campione di Galar {x}	伽勒尔冠军 {x}	Campeão de Galar {x}
Paldea Champion {x}	パルデア チャンピオン {x}	팔데아 챔피언 {x}	Maîtresse de Paldea {x}	Paldea-Champ {x}	Campeona de Paldea {x}	Campionessa di Paldea {x}	帕底亚冠军 {x}	Campeã de Paldea {x}
Bug Catcher {x}	むしとりしょうねん {x}	곤충채집소년 {x}	Scout {x}	Käferfänger {x}	Cazabichos {x}	Pigliamosche {x}	捕虫少年 {x}	Caçador de Insetos {x}
Youngster {x}	たんぱんこぞう {x}	반바지 꼬마 {x}	Gamin {x}	Knirps {x}	Joven {x}	Ragazzo {x}	短裤小子 {x}	Jovem {x}
Lass {x}	ミニスカート {x}	미니스커트 {x}	Fillette {x}	Göre {x}	Chica {x}	Pupa {x}	迷你裙 {x}	Moça {x}
Hiker {x}	やまおとこ {x}	등산가 {x}	Montagnard {x}	Wanderer {x}	Montañero {x}	Montanaro {x}	登山男 {x}	Montanhista {x}
Sailor {x}	ふなのり {x}	뱃사람 {x}	Marin {x}	Matrose {x}	Marinero {x}	Marinaio {x}	水手 {x}	Marinheiro {x}
Super Nerd {x}	りかけいのおとこ {x}	이과계 남자 {x}	Intello {x}	Supernerd {x}	Súper Friki {x}	Secchione {x}	理科男 {x}	Supernerd {x}
Team Rocket Grunt	ロケット団の したっぱ	로켓단 조무래기	Sbire Team Rocket	Team Rocket-Rüpel	Recluta del Team Rocket	Recluta del Team Rocket	火箭队手下	Recruta da Equipe Rocket
Rocket Boss {x}	ロケット団ボス {x}	로켓단 보스 {x}	Boss de la Team Rocket {x}	Rocket-Boss {x}	Jefe del Team Rocket {x}	Capo del Team Rocket {x}	火箭队首领 {x}	Chefe da Equipe Rocket {x}
Rocket Executive {x}	ロケット団幹部 {x}	로켓단 간부 {x}	Admin Rocket {x}	Rocket-Vorstand {x}	Dirigente Rocket {x}	Dirigente Rocket {x}	火箭队干部 {x}	Executivo Rocket {x}
Ace Trainer {x}	エリートトレーナー {x}	엘리트트레이너 {x}	Topdresseur {x}	Ass-Trainer {x}	Entrenador guay {x}	Asso {x}	精英训练家 {x}	Treinador Ás {x}
Cooltrainer {x}	エリートトレーナー {x}	엘리트트레이너 {x}	Topdresseur {x}	Ass-Trainer {x}	Entrenador guay {x}	Asso {x}	精英训练家 {x}	Treinador Ás {x}
Channeler {x}	きとうし {x}	기도사 {x}	Exorciste {x}	Medium {x}	Médium {x}	Medium {x}	祈祷师 {x}	Médium {x}
Poké Maniac {x}	ポケモンマニア {x}	포켓몬 마니아 {x}	Pokémaniac {x}	Pokémaniac {x}	Pokémaníaco {x}	Pokémaniaco {x}	宝可梦狂热者 {x}	Pokémaníaco {x}
Captain {x}	キャプテン {x}	캡틴 {x}	Capitaine {x}	Käpt'n {x}	Capitán {x}	Capitano {x}	队长 {x}	Capitão {x}
Kahuna {x}	しまキング {x}	섬킹 {x}	Doyen {x}	Inselkönig {x}	Kahuna {x}	Kahuna {x}	岛屿之王 {x}	Kahuna {x}
Professor {x}	博士 {x}	박사 {x}	Professeur {x}	Professor {x}	Profesor {x}	Professor {x}	博士 {x}	Professor {x}
Pokémon Trainer {x}	ポケモントレーナー {x}	포켓몬 트레이너 {x}	Dresseur {x}	Pokémon-Trainer {x}	Entrenador Pokémon {x}	Allenatore di Pokémon {x}	宝可梦训练家 {x}	Treinador Pokémon {x}
Fisherman {x}	つりびと {x}	낚시꾼 {x}	Pêcheur {x}	Angler {x}	Pescador {x}	Pescatore {x}	钓鱼人 {x}	Pescador {x}
Camper {x}	キャンプボーイ {x}	캠프보이 {x}	Campeur {x}	Camper {x}	Campista {x}	Campeggiatore {x}	露营男孩 {x}	Campista {x}
Black Belt {x}	からておう {x}	태권왕 {x}	Karatéka {x}	Schwarzgurt {x}	Karateka {x}	Karateka {x}	空手王 {x}	Faixa Preta {x}
Swimmer {x}	かいパンやろう {x}	수영팬티 소년 {x}	Nageur {x}	Schwimmer {x}	Nadador {x}	Nuotatore {x}	泳裤小伙子 {x}	Nadador {x}
Worker {x}	さぎょういん {x}	작업원 {x}	Ouvrier {x}	Arbeiter {x}	Operario {x}	Operaio {x}	工作人员 {x}	Operário {x}
Rematch any time for coins and EXP.	いつでも 再戦して コインと 経験値を 稼げる。	언제든 재대결해서 코인과 경험치를 얻을 수 있어요.	Rejoue quand tu veux pour des pièces et de l'expérience.	Jederzeit Revanche für Münzen und Erfahrung.	Revancha cuando quieras para ganar monedas y experiencia.	Rigioca quando vuoi per monete ed esperienza.	可随时再战赚取金币和经验值。	Revanche quando quiser por moedas e experiência.
Beat the earlier trainers on this route to unlock this battle.	この 道の 前の トレーナーに 勝つと 挑戦できる。	이 길의 이전 트레이너를 이기면 도전할 수 있어요.	Bats d'abord les dresseurs précédents de cette route.	Besiege zuerst die vorherigen Trainer dieser Route.	Vence antes a los entrenadores anteriores de esta ruta.	Batti prima gli allenatori precedenti su questo percorso.	先击败这条路上之前的训练家才能挑战。	Vença os treinadores anteriores desta rota primeiro.
Rematch	再戦	재대결	Revanche	Revanche	Revancha	Rivincita	再战	Revanche
Battle!	バトル!	배틀!	Combat !	Kampf!	¡Combate!	Lotta!	对战!	Batalhar!
Go to battle	バトルへ	배틀하기	Au combat	In den Kampf	A combatir	Alla lotta	前去对战	Batalhar
Cleared	クリア	클리어	Terminé	Geschafft	Superado	Superato	已通关	Concluído
Train up first (Battle Tower or rematches).	先に 鍛えよう(バトルタワーや 再戦で)。	먼저 단련하세요 (배틀타워나 재대결).	Entraîne-toi d'abord (Tour de Combat ou revanches).	Trainiere erst (Duellturm oder Revanchen).	Entrena primero (Torre Batalla o revanchas).	Allenati prima (Torre Lotta o rivincite).	先去训练吧(对战塔或再战)。	Treine primeiro (Torre de Batalha ou revanches).
Ready to battle!	準備OK!	배틀 준비 완료!	Prêt au combat !	Kampfbereit!	¡Listo para combatir!	Pronto alla lotta!	准备就绪!	Pronto para batalhar!
Your next challenge awaits!	次の 挑戦が 待っている!	다음 도전이 기다리고 있어요!	Ton prochain défi t'attend !	Deine nächste Herausforderung wartet!	¡Te espera tu próximo reto!	La prossima sfida ti aspetta!	下一个挑战在等着你!	Seu próximo desafio espera!
(your team avg Lv {a}, lead {p} Lv {b})	(手持ち平均 Lv {a}・先頭 {p} Lv {b})	(팀 평균 Lv {a}, 선두 {p} Lv {b})	(moyenne N. {a}, en tête {p} N. {b})	(Team-Schnitt Lv {a}, vorne {p} Lv {b})	(media del equipo Nv {a}, primero {p} Nv {b})	(media squadra Liv {a}, in testa {p} Liv {b})	(队伍平均 Lv {a}，首发 {p} Lv {b})	(média da equipe Nv {a}, líder {p} Nv {b})
Next Challenge	次の 挑戦	다음 도전	Prochain défi	Nächste Herausforderung	Próximo reto	Prossima sfida	下一个挑战	Próximo desafio
Answer the Gym Leader’s challenge to enter the Gym!	ジムリーダーの 問題に 答えて ジムに 入ろう!	체육관 관장의 문제를 맞혀 체육관에 들어가세요!	Réponds au défi du champion pour entrer dans l'arène !	Beantworte die Frage des Arenaleiters, um die Arena zu betreten!	¡Responde al reto del líder para entrar al gimnasio!	Rispondi alla sfida del capopalestra per entrare!	回答道馆馆主的问题才能进入道馆!	Responda ao desafio do líder para entrar no ginásio!
Gym Challenge	ジムチャレンジ	체육관 챌린지	Défi d'Arène	Arena-Herausforderung	Desafío de Gimnasio	Sfida in palestra	道馆挑战	Desafio do Ginásio
Answer correctly to access the gym!	正解すると ジムに 入れる!	정답을 맞히면 체육관에 들어갈 수 있어요!	Réponds juste pour entrer dans l'arène !	Richtig antworten, um die Arena zu betreten!	¡Responde bien para entrar al gimnasio!	Rispondi bene per entrare in palestra!	答对才能进入道馆!	Responda certo para entrar no ginásio!
Question:	問題:	문제:	Question :	Frage:	Pregunta:	Domanda:	问题:	Pergunta:
Hint	ヒント	힌트	Indice	Tipp	Pista	Suggerimento	提示	Dica
Go Back	もどる	돌아가기	Retour	Zurück	Volver	Torna indietro	返回	Voltar
Back to Arena	戻る	돌아가기	Retour	Zurück	Volver	Indietro	返回	Voltar
Deploy Your Partner	パートナーを えらぼう	파트너를 고르세요	Choisis ton partenaire	Wähle deinen Partner	Elige a tu compañero	Scegli il tuo partner	选择你的伙伴	Escolha seu parceiro
Select one of your registered dex Pokémon to battle in this stage.	この ステージで 戦う ポケモンを えらんでね。	이 스테이지에서 싸울 포켓몬을 고르세요.	Choisis un Pokémon pour combattre à cette étape.	Wähle ein Pokémon für diesen Kampf.	Elige un Pokémon para combatir en esta fase.	Scegli un Pokémon per questa lotta.	选择一只宝可梦参加这场对战。	Escolha um Pokémon para esta batalha.
Preparing battle…	バトルの 準備中…	배틀 준비 중…	Préparation du combat…	Kampf wird vorbereitet…	Preparando el combate…	Preparazione della lotta…	正在准备对战…	Preparando a batalha…
{t} wants to battle!	{t}が 勝負を しかけてきた!	{t}이(가) 승부를 걸어왔다!	{t} veut se battre !	{t} möchte kämpfen!	¡{t} te desafía!	{t} ti sfida!	{t}向你发起了挑战!	{t} quer batalhar!
Opponent's party	相手の 手持ち	상대의 포켓몬	Équipe adverse	Gegnerisches Team	Equipo rival	Squadra avversaria	对手的队伍	Equipe do oponente
Your party	あなたの 手持ち	나의 포켓몬	Ton équipe	Dein Team	Tu equipo	La tua squadra	你的队伍	Sua equipe
FIGHT	たたかう	싸운다	ATTAQUE	KAMPF	LUCHAR	LOTTA	战斗	LUTAR
BAG	バッグ	가방	SAC	BEUTEL	MOCHILA	ZAINO	背包	BOLSA
POKÉMON	ポケモン	포켓몬	POKÉMON	POKÉMON	POKÉMON	POKÉMON	宝可梦	POKÉMON
RUN	にげる	도망간다	FUITE	FLUCHT	HUIR	FUGA	逃走	FUGIR
What will {p} do?	{p}は どうする?	{p}은(는) 무엇을 할까?	Que doit faire {p} ?	Was soll {p} tun?	¿Qué hará {p}?	Cosa deve fare {p}?	要让{p}做什么?	O que {p} vai fazer?
What will your Pokémon do?	ポケモンは どうする?	포켓몬은 무엇을 할까?	Que doit faire ton Pokémon ?	Was soll dein Pokémon tun?	¿Qué hará tu Pokémon?	Cosa deve fare il tuo Pokémon?	要让宝可梦做什么?	O que seu Pokémon vai fazer?
Choose a move.	技を えらんでね。	기술을 고르세요.	Choisis une capacité.	Wähle eine Attacke.	Elige un movimiento.	Scegli una mossa.	选择招式。	Escolha um golpe.
Use which item?	どの 道具を 使う?	어느 도구를 사용할까?	Utiliser quel objet ?	Welches Item einsetzen?	¿Qué objeto usarás?	Quale strumento usare?	使用哪个道具?	Usar qual item?
Switch to which Pokémon?	どの ポケモンと 入れ替える?	어느 포켓몬과 교체할까?	Envoyer quel Pokémon ?	Welches Pokémon einwechseln?	¿Por qué Pokémon lo cambias?	Quale Pokémon mandare in campo?	换成哪只宝可梦?	Trocar por qual Pokémon?
Choose a Pokémon	ポケモンを えらぼう	포켓몬을 고르세요	Choisis un Pokémon	Wähle ein Pokémon	Elige un Pokémon	Scegli un Pokémon	选择宝可梦	Escolha um Pokémon
Your Bag has no battle items. Buy Potions and more at the Mart!	バッグに バトル用の 道具が ない。ショップで キズぐすりなどを 買おう!	가방에 배틀용 도구가 없어요. 숍에서 상처약 등을 사세요!	Ton sac ne contient aucun objet de combat. Achète des Potions à la boutique !	Dein Beutel hat keine Kampf-Items. Kaufe Tränke im Markt!	Tu mochila no tiene objetos de combate. ¡Compra Pociones en la tienda!	Nello zaino non ci sono strumenti. Compra Pozioni al Market!	背包里没有对战道具。去商店买些伤药吧!	Sua bolsa não tem itens de batalha. Compre Poções na loja!
Combat initiated: Engagement vs {x}!	{x}との バトルが はじまった!	{x}와(과)의 배틀이 시작됐다!	Le combat contre {x} commence !	Der Kampf gegen {x} beginnt!	¡Comienza el combate contra {x}!	Inizia la lotta contro {x}!	与{x}的对战开始了!	A batalha contra {x} começou!
Battle stage configured. Ready to strike first based on speed.	準備完了。すばやさで 先攻が 決まるぞ。	준비 완료. 스피드로 선공이 정해져요.	Prêt ! La Vitesse décide qui attaque en premier.	Bereit! Die Initiative hängt von der Initiative ab.	¡Listo! La Velocidad decide quién ataca primero.	Pronti! La Velocità decide chi attacca prima.	准备完毕，速度决定谁先出手。	Pronto! A Velocidade decide quem ataca primeiro.
{t}'s {p}	{t}の {p}	{t}의 {p}	{p} de {t}	{p} von {t}	{p} de {t}	{p} di {t}	{t}的{p}	{p} de {t}
Simulated {p}	シミュレーションの {p}	시뮬레이션 {p}	{p} simulé	Simuliertes {p}	{p} simulado	{p} simulato	模拟的{p}	{p} simulado
Opponent	相手	상대	Adversaire	Gegner	Rival	Avversario	对手	Oponente
Partner	パートナー	파트너	Partenaire	Partner	Compañero	Partner	伙伴	Parceiro
In battle	バトル中	배틀 중	Au combat	Im Kampf	En combate	In lotta	对战中	Em batalha
LVL {n} · In battle	Lv {n} · バトル中	Lv {n} · 배틀 중	N. {n} · Au combat	Lv {n} · Im Kampf	Nv {n} · En combate	Liv {n} · In lotta	Lv {n} · 对战中	Nv {n} · Em batalha
Round {n}	ラウンド {n}	라운드 {n}	Manche {n}	Runde {n}	Ronda {n}	Round {n}	第{n}轮	Rodada {n}
{p} used {m}! Dealt {n} dmg.	{p}の {m}! {n}の ダメージ!	{p}의 {m}! {n}의 데미지!	{p} utilise {m} ! {n} dégâts.	{p} setzt {m} ein! {n} Schaden.	¡{p} usó {m}! {n} de daño.	{p} usa {m}! {n} danni.	{p}使用了{m}! 造成{n}点伤害。	{p} usou {m}! {n} de dano.
{p} used {m}!	{p}の {m}!	{p}의 {m}!	{p} utilise {m} !	{p} setzt {m} ein!	¡{p} usó {m}!	{p} usa {m}!	{p}使用了{m}!	{p} usou {m}!
{p} used {m}! But nothing happened...	{p}の {m}! しかし なにも おこらない…	{p}의 {m}! 그러나 아무 일도 일어나지 않았다…	{p} utilise {m} ! Mais rien ne se passe…	{p} setzt {m} ein! Doch nichts passiert…	¡{p} usó {m}! Pero no pasó nada…	{p} usa {m}! Ma non succede nulla…	{p}使用了{m}! 但是什么也没有发生…	{p} usou {m}! Mas nada aconteceu…
{p}'s {m} missed!	{p}の {m}は はずれた!	{p}의 {m}은(는) 빗나갔다!	{p} rate {m} !	{m} von {p} verfehlt!	¡{m} de {p} falló!	{m} di {p} fallisce!	{p}的{m}没有命中!	{m} de {p} errou!
{p}'s attack missed!	{p}の 攻撃は はずれた!	{p}의 공격은 빗나갔다!	L'attaque de {p} échoue !	Die Attacke von {p} verfehlt!	¡El ataque de {p} falló!	L'attacco di {p} fallisce!	{p}的攻击没有命中!	O ataque de {p} errou!
Hit {n} times!	{n}回 当たった!	{n}번 맞았다!	Touché {n} fois !	{n}-mal getroffen!	¡Golpeó {n} veces!	Colpito {n} volte!	击中了{n}次!	Acertou {n} vezes!
{p} had its energy drained!	{p}から 体力を 吸い取った!	{p}의 체력을 흡수했다!	L'énergie de {p} est drainée !	{p} wurde Energie entzogen!	¡Se drenó la energía de {p}!	L'energia di {p} viene assorbita!	{p}的体力被吸取了!	A energia de {p} foi drenada!
{p} is damaged by recoil!	{p}は 反動で ダメージを 受けた!	{p}은(는) 반동으로 데미지를 입었다!	{p} subit le contrecoup !	{p} erleidet Rückstoßschaden!	¡{p} sufrió daño de retroceso!	{p} subisce il contraccolpo!	{p}受到了反作用力伤害!	{p} sofreu dano de recuo!
{p} has no moves left!	{p}は 出せる 技が ない!	{p}은(는) 쓸 수 있는 기술이 없다!	{p} n'a plus de capacités !	{p} hat keine Attacken mehr!	¡{p} no tiene más movimientos!	{p} non ha più mosse!	{p}已经没有可以使用的招式了!	{p} não tem mais golpes!
It doesn't affect {p}...	{p}には 効果が ないようだ…	{p}에게는 효과가 없는 것 같다…	Ça n'affecte pas {p}…	Hat keine Wirkung auf {p}…	No afecta a {p}…	Non ha effetto su {p}…	对{p}好像没有效果…	Não afeta {p}…
It won't have any effect.	効果は ないようだ。	효과가 없을 것 같다.	Ça n'aura aucun effet.	Das hat keine Wirkung.	No tendrá ningún efecto.	Non avrà alcun effetto.	好像没有效果。	Não terá efeito.
{p} is paralyzed and can't move!	{p}は からだが しびれて 動けない!	{p}은(는) 몸이 저려서 움직일 수 없다!	{p} est paralysé ! Il ne peut pas attaquer !	{p} ist paralysiert und kann nicht angreifen!	¡{p} está paralizado y no se puede mover!	{p} è paralizzato e non può muoversi!	{p}麻痹了，无法行动!	{p} está paralisado e não pode se mover!
{p} is fast asleep!	{p}は ぐうぐう 眠っている!	{p}은(는) 쿨쿨 잠들어 있다!	{p} dort profondément !	{p} schläft tief und fest!	¡{p} está profundamente dormido!	{p} dorme profondamente!	{p}正在呼呼大睡!	{p} está dormindo profundamente!
{p} woke up!	{p}は 目を 覚ました!	{p}은(는) 잠에서 깼다!	{p} se réveille !	{p} ist aufgewacht!	¡{p} se despertó!	{p} si è svegliato!	{p}醒过来了!	{p} acordou!
{p} is frozen solid and can't move!	{p}は こおって しまって 動けない!	{p}은(는) 얼어버려서 움직일 수 없다!	{p} est gelé et ne peut pas bouger !	{p} ist eingefroren und kann nicht angreifen!	¡{p} está congelado y no se puede mover!	{p} è congelato e non può muoversi!	{p}被冻住了，无法行动!	{p} está congelado e não pode se mover!
{p} thawed out!	{p}の こおりが とけた!	{p}의 얼음이 녹았다!	{p} dégèle !	{p} ist aufgetaut!	¡{p} se descongeló!	{p} si è scongelato!	{p}的冰融化了!	{p} descongelou!
{p} is confused and hurt itself! (−{n})	{p}は わけも わからず 自分を 攻撃した! (−{n})	{p}은(는) 영문도 모른 채 자신을 공격했다! (−{n})	{p} est confus et se blesse ! (−{n})	{p} ist verwirrt und verletzt sich selbst! (−{n})	¡{p} está confuso y se hirió a sí mismo! (−{n})	{p} è confuso e si colpisce da solo! (−{n})	{p}混乱了，攻击了自己! (−{n})	{p} está confuso e se feriu! (−{n})
{p} is confused but attacked anyway!	{p}は 混乱しているが 攻撃した!	{p}은(는) 혼란스럽지만 공격했다!	{p} est confus mais attaque quand même !	{p} ist verwirrt, greift aber trotzdem an!	¡{p} está confuso pero atacó igualmente!	{p} è confuso ma attacca comunque!	{p}虽然混乱了，但还是发动了攻击!	{p} está confuso, mas atacou mesmo assim!
{p} snapped out of confusion!	{p}の 混乱が とけた!	{p}의 혼란이 풀렸다!	{p} n'est plus confus !	{p} ist nicht mehr verwirrt!	¡{p} ya no está confuso!	{p} non è più confuso!	{p}的混乱解除了!	{p} não está mais confuso!
{p} became confused!	{p}は 混乱した!	{p}은(는) 혼란에 빠졌다!	{p} devient confus !	{p} wurde verwirrt!	¡{p} se ha confundido!	{p} è confuso!	{p}混乱了!	{p} ficou confuso!
{p} is already confused!	{p}は すでに 混乱している!	{p}은(는) 이미 혼란 상태다!	{p} est déjà confus !	{p} ist bereits verwirrt!	¡{p} ya está confuso!	{p} è già confuso!	{p}已经混乱了!	{p} já está confuso!
{p} already has a condition!	{p}は すでに 状態異常に なっている!	{p}은(는) 이미 상태 이상이다!	{p} a déjà un problème de statut !	{p} hat bereits eine Statusveränderung!	¡{p} ya tiene un problema de estado!	{p} ha già un problema di stato!	{p}已经处于异常状态!	{p} já tem uma condição!
{p} is hurt by poison! ({x})	{p}は 毒の ダメージを 受けた! ({x})	{p}은(는) 독의 데미지를 입었다! ({x})	{p} souffre du poison ! ({x})	{p} wird durch Gift verletzt! ({x})	¡{p} sufre por el veneno! ({x})	{p} è ferito dal veleno! ({x})	{p}受到了毒的伤害! ({x})	{p} foi ferido pelo veneno! ({x})
{p} is hurt by its burn! ({x})	{p}は やけどの ダメージを 受けた! ({x})	{p}은(는) 화상 데미지를 입었다! ({x})	{p} souffre de sa brûlure ! ({x})	{p} wird durch Verbrennung verletzt! ({x})	¡{p} sufre por la quemadura! ({x})	{p} è ferito dalla scottatura! ({x})	{p}受到了灼伤的伤害! ({x})	{p} foi ferido pela queimadura! ({x})
Leech Seed drained {n} HP from {p}!	やどりぎが {p}の HPを {n} 吸い取った!	씨뿌리기가 {p}의 HP를 {n} 흡수했다!	Vampigraine draine {n} PV à {p} !	Egelsamen entzieht {p} {n} KP!	¡Drenadoras absorbe {n} PS de {p}!	Parassiseme assorbe {n} PS da {p}!	寄生种子吸取了{p}{n}点HP!	Semente Sanguessuga drenou {n} PS de {p}!
{p} recovered {n} HP!	{p}の HPが {n} 回復した!	{p}의 HP가 {n} 회복됐다!	{p} récupère {n} PV !	{p} erholt sich um {n} KP!	¡{p} recuperó {n} PS!	{p} recupera {n} PS!	{p}回复了{n}点HP!	{p} recuperou {n} PS!
{p} restored {n} HP!	{p}の HPが {n} 回復した!	{p}의 HP가 {n} 회복됐다!	{p} récupère {n} PV !	{p} stellt {n} KP wieder her!	¡{p} recuperó {n} PS!	{p} recupera {n} PS!	{p}回复了{n}点HP!	{p} restaurou {n} PS!
Leftovers restored {n} HP.	たべのこしで HPが {n} 回復した。	먹다남은음식으로 HP가 {n} 회복됐다.	Les Restes rendent {n} PV.	Überreste stellen {n} KP wieder her.	Restos recupera {n} PS.	Avanzi ripristina {n} PS.	吃剩的东西回复了{n}点HP。	Restos recuperou {n} PS.
Opponent used Oran Berry (+30 HP)!	相手は オレンのみを 使った (+30 HP)!	상대는 오랭열매를 사용했다 (+30 HP)!	L'adversaire utilise une Baie Oran (+30 PV) !	Der Gegner nutzt eine Sinelbeere (+30 KP)!	¡El rival usó una Baya Aranja (+30 PS)!	L'avversario usa una Baccarancia (+30 PS)!	对手使用了橙橙果(+30 HP)!	O oponente usou uma Fruta Oran (+30 PS)!
Your Pokémon used Oran Berry (+30 HP)!	ポケモンは オレンのみを 使った (+30 HP)!	포켓몬은 오랭열매를 사용했다 (+30 HP)!	Ton Pokémon utilise une Baie Oran (+30 PV) !	Dein Pokémon nutzt eine Sinelbeere (+30 KP)!	¡Tu Pokémon usó una Baya Aranja (+30 PS)!	Il tuo Pokémon usa una Baccarancia (+30 PS)!	你的宝可梦使用了橙橙果(+30 HP)!	Seu Pokémon usou uma Fruta Oran (+30 PS)!
You used {i}!	{i}を 使った!	{i}을(를) 사용했다!	Tu utilises {i} !	Du setzt {i} ein!	¡Usaste {i}!	Hai usato {i}!	使用了{i}!	Você usou {i}!
{p} fainted!	{p}は 倒れた!	{p}은(는) 쓰러졌다!	{p} est K.O. !	{p} wurde besiegt!	¡{p} se debilitó!	{p} è esausto!	{p}倒下了!	{p} desmaiou!
All Pokémon fainted. Returning to base...	手持ちの ポケモンが 全員 倒れた。拠点に 戻ります…	모든 포켓몬이 쓰러졌다. 기지로 돌아갑니다…	Tous tes Pokémon sont K.O. Retour à la base…	Alle Pokémon sind besiegt. Zurück zur Basis…	Todos tus Pokémon se debilitaron. Volviendo a la base…	Tutti i Pokémon sono esausti. Ritorno alla base…	所有宝可梦都倒下了。返回基地…	Todos os Pokémon desmaiaram. Voltando à base…
Friendship increased! ({n}/255)	なつき度が 上がった! ({n}/255)	친밀도가 올랐다! ({n}/255)	L'amitié augmente ! ({n}/255)	Die Freundschaft steigt! ({n}/255)	¡Aumentó la amistad! ({n}/255)	L'amicizia aumenta! ({n}/255)	亲密度提升了! ({n}/255)	A amizade aumentou! ({n}/255)
Go, {p}! ({a}/{b})	行け! {p}! ({a}/{b})	가라, {p}! ({a}/{b})	Vas-y, {p} ! ({a}/{b})	Los, {p}! ({a}/{b})	¡Adelante, {p}! ({a}/{b})	Vai, {p}! ({a}/{b})	去吧，{p}! ({a}/{b})	Vai, {p}! ({a}/{b})
Preparing next challenger… (Round {n})	次の 挑戦者を 準備中… (ラウンド {n})	다음 도전자 준비 중… (라운드 {n})	Prochain adversaire… (manche {n})	Nächster Herausforderer… (Runde {n})	Preparando al siguiente rival… (ronda {n})	Prossimo sfidante… (round {n})	正在准备下一位挑战者… (第{n}轮)	Preparando o próximo desafiante… (rodada {n})
{p} appeared! Defeat it to keep going!	{p}が 現れた! 倒して 先へ 進もう!	{p}이(가) 나타났다! 쓰러뜨리고 계속 나아가자!	{p} apparaît ! Bats-le pour continuer !	{p} erscheint! Besiege es, um weiterzumachen!	¡Apareció {p}! ¡Derrótalo para seguir!	È apparso {p}! Sconfiggilo per proseguire!	{p}出现了! 打倒它继续前进吧!	{p} apareceu! Derrote-o para continuar!
{t} sent out {p}!	{t}は {p}を 繰り出した!	{t}은(는) {p}을(를) 내보냈다!	{t} envoie {p} !	{t} schickt {p} in den Kampf!	¡{t} sacó a {p}!	{t} manda in campo {p}!	{t}派出了{p}!	{t} enviou {p}!
VICTORY! Deployed partner gained +{n} XP!	勝利! パートナーは 経験値 +{n}!	승리! 파트너가 경험치 +{n}!	VICTOIRE ! Ton partenaire gagne +{n} Exp. !	SIEG! Dein Partner erhält +{n} EP!	¡VICTORIA! ¡Tu compañero gana +{n} de Exp.!	VITTORIA! Il tuo partner ottiene +{n} Esp.!	胜利! 伙伴获得了{n}点经验值!	VITÓRIA! Seu parceiro ganhou +{n} de Exp.!
LEVEL UP! {p} reached Level {n}! Base stats increased by 5%!	レベルアップ! {p}は レベル{n}に なった! 能力が 5% 上がった!	레벨 업! {p}은(는) 레벨 {n}이 되었다! 능력치 5% 상승!	NIVEAU SUPÉRIEUR ! {p} passe au N. {n} ! Stats +5 % !	LEVEL-UP! {p} erreicht Lv. {n}! Werte +5 %!	¡SUBE DE NIVEL! ¡{p} alcanzó el Nv. {n}! ¡Estadísticas +5 %!	SALE DI LIVELLO! {p} raggiunge il Liv. {n}! Statistiche +5%!	升级了! {p}升到了{n}级! 能力提升了5%!	SUBIU DE NÍVEL! {p} chegou ao Nv. {n}! Atributos +5%!
{p} learned {m}!	{p}は {m}を 覚えた!	{p}은(는) {m}을(를) 배웠다!	{p} apprend {m} !	{p} erlernt {m}!	¡{p} aprendió {m}!	{p} impara {m}!	{p}学会了{m}!	{p} aprendeu {m}!
{a} evolved into {b}!	{a}は {b}に 進化した!	{a}은(는) {b}(으)로 진화했다!	{a} évolue en {b} !	{a} hat sich zu {b} entwickelt!	¡{a} evolucionó a {b}!	{a} si è evoluto in {b}!	{a}进化成了{b}!	{a} evoluiu para {b}!
EVOLUTION!	進化!	진화!	ÉVOLUTION !	ENTWICKLUNG!	¡EVOLUCIÓN!	EVOLUZIONE!	进化!	EVOLUÇÃO!
STAGE CLEARED!	ステージクリア!	스테이지 클리어!	ÉTAPE TERMINÉE !	STUFE GESCHAFFT!	¡FASE SUPERADA!	FASE SUPERATA!	关卡通关!	FASE CONCLUÍDA!
Defeated {t}! Unlocked next sector channel!	{t}に 勝った! 次の ステージが 解放された!	{t}을(를) 이겼다! 다음 스테이지가 해금됐다!	Tu as battu {t} ! Étape suivante débloquée !	{t} besiegt! Nächste Stufe freigeschaltet!	¡Venciste a {t}! ¡Siguiente fase desbloqueada!	Hai sconfitto {t}! Fase successiva sbloccata!	击败了{t}! 下一关已解锁!	Você venceu {t}! Próxima fase liberada!
GYM BADGE EARNED!	ジムバッジ ゲット!	체육관 배지 획득!	BADGE D'ARÈNE OBTENU !	ORDEN ERHALTEN!	¡MEDALLA CONSEGUIDA!	MEDAGLIA OTTENUTA!	获得了道馆徽章!	INSÍGNIA CONQUISTADA!
You received the {b}!	{b}を 手に入れた!	{b}을(를) 받았다!	Tu reçois le {b} !	Du erhältst den {b}!	¡Recibiste la {b}!	Hai ricevuto la {b}!	获得了{b}!	Você recebeu a {b}!
SIMULATION CLEARED!	シミュレーション クリア!	시뮬레이션 클리어!	SIMULATION TERMINÉE !	SIMULATION GESCHAFFT!	¡SIMULACIÓN SUPERADA!	SIMULAZIONE SUPERATA!	模拟战通关!	SIMULAÇÃO CONCLUÍDA!
Defeated simulated foe! Claimed +{n} Coins.	相手に 勝った! コイン +{n}。	상대를 이겼다! 코인 +{n}.	Adversaire battu ! +{n} pièces.	Gegner besiegt! +{n} Münzen.	¡Rival vencido! +{n} monedas.	Avversario sconfitto! +{n} monete.	击败了对手! 获得{n}金币。	Oponente derrotado! +{n} moedas.
ALL POKÉMON FAINTED	ポケモンが 全員 倒れた	모든 포켓몬이 쓰러졌다	TOUS TES POKÉMON SONT K.O.	ALLE POKÉMON BESIEGT	TODOS TUS POKÉMON SE DEBILITARON	TUTTI I POKÉMON SONO ESAUSTI	所有宝可梦都倒下了	TODOS OS POKÉMON DESMAIARAM
Your entire team was defeated! Train harder or equip better items!	手持ちが 全滅した! もっと 鍛えるか いい 道具を 持たせよう!	팀이 전멸했다! 더 단련하거나 좋은 도구를 지니게 하세요!	Toute ton équipe est vaincue ! Entraîne-toi ou équipe de meilleurs objets !	Dein ganzes Team wurde besiegt! Trainiere mehr oder nutze bessere Items!	¡Todo tu equipo fue derrotado! ¡Entrena más o equipa mejores objetos!	La tua squadra è stata sconfitta! Allenati o usa strumenti migliori!	你的队伍全灭了! 多加训练或携带更好的道具吧!	Sua equipe foi derrotada! Treine mais ou equipe itens melhores!
Rank Up!	ランクアップ!	랭크 업!	Rang supérieur !	Rangaufstieg!	¡Subes de rango!	Grado superiore!	等级提升!	Subiu de posto!
Trainer level promoted to {n}!	トレーナーレベルが {n}に 上がった!	트레이너 레벨이 {n}(으)로 올랐다!	Niveau de dresseur passé à {n} !	Trainerlevel auf {n} gestiegen!	¡Nivel de entrenador {n}!	Livello allenatore salito a {n}!	训练家等级提升到{n}!	Nível de treinador subiu para {n}!
{t}'s {p} fainted!	{t}の {p}は 倒れた!	{t}의 {p}은(는) 쓰러졌다!	{p} de {t} est K.O. !	{p} von {t} wurde besiegt!	¡{p} de {t} se debilitó!	{p} di {t} è esausto!	{t}的{p}倒下了!	{p} de {t} desmaiou!
{p}'s {s} rose!	{p}の {s}が 上がった!	{p}의 {s}이(가) 올라갔다!	{s} de {p} augmente !	{s} von {p} steigt!	¡Subió {s} de {p}!	{s} di {p} aumenta!	{p}的{s}提高了!	{s} de {p} aumentou!
{p}'s {s} sharply rose!	{p}の {s}が ぐーんと 上がった!	{p}의 {s}이(가) 크게 올라갔다!	{s} de {p} augmente beaucoup !	{s} von {p} steigt stark!	¡Subió mucho {s} de {p}!	{s} di {p} aumenta molto!	{p}的{s}大幅提高了!	{s} de {p} aumentou muito!
{p}'s {s} fell!	{p}の {s}が 下がった!	{p}의 {s}이(가) 떨어졌다!	{s} de {p} baisse !	{s} von {p} sinkt!	¡Bajó {s} de {p}!	{s} di {p} diminuisce!	{p}的{s}降低了!	{s} de {p} diminuiu!
{p}'s {s} harshly fell!	{p}の {s}が がくっと 下がった!	{p}의 {s}이(가) 크게 떨어졌다!	{s} de {p} baisse beaucoup !	{s} von {p} sinkt stark!	¡Bajó mucho {s} de {p}!	{s} di {p} diminuisce molto!	{p}的{s}大幅降低了!	{s} de {p} diminuiu muito!
{p}'s {s} sharply fell!	{p}の {s}が がくっと 下がった!	{p}의 {s}이(가) 크게 떨어졌다!	{s} de {p} baisse beaucoup !	{s} von {p} sinkt stark!	¡Bajó mucho {s} de {p}!	{s} di {p} diminuisce molto!	{p}的{s}大幅降低了!	{s} de {p} diminuiu muito!
{p}'s {s} won't go any higher!	{p}の {s}は もう 上がらない!	{p}의 {s}은(는) 더 이상 올라가지 않는다!	{s} de {p} ne peut plus augmenter !	{s} von {p} kann nicht weiter steigen!	¡{s} de {p} no puede subir más!	{s} di {p} non può aumentare ancora!	{p}的{s}已经无法再提高了!	{s} de {p} não pode aumentar mais!
{p}'s {s} won't go any lower!	{p}の {s}は もう 下がらない!	{p}의 {s}은(는) 더 이상 떨어지지 않는다!	{s} de {p} ne peut plus baisser !	{s} von {p} kann nicht weiter sinken!	¡{s} de {p} no puede bajar más!	{s} di {p} non può diminuire ancora!	{p}的{s}已经无法再降低了!	{s} de {p} não pode diminuir mais!
{p} was poisoned!	{p}は 毒を あびた!	{p}은(는) 독에 걸렸다!	{p} est empoisonné !	{p} wurde vergiftet!	¡{p} fue envenenado!	{p} è avvelenato!	{p}中毒了!	{p} foi envenenado!
{p} was badly poisoned!	{p}は 猛毒を あびた!	{p}은(는) 맹독에 걸렸다!	{p} est gravement empoisonné !	{p} wurde schwer vergiftet!	¡{p} fue gravemente envenenado!	{p} è gravemente avvelenato!	{p}中了剧毒!	{p} foi gravemente envenenado!
{p} was burned!	{p}は やけどを 負った!	{p}은(는) 화상을 입었다!	{p} est brûlé !	{p} erleidet Verbrennungen!	¡{p} se quemó!	{p} è scottato!	{p}被灼伤了!	{p} foi queimado!
{p} is paralyzed! It may be unable to move!	{p}は まひして 技が 出にくく なった!	{p}은(는) 마비되어 기술을 쓰기 어려워졌다!	{p} est paralysé ! Il aura du mal à attaquer !	{p} ist paralysiert! Es kann eventuell nicht angreifen!	¡{p} está paralizado! ¡Quizás no pueda moverse!	{p} è paralizzato! Potrebbe non muoversi!	{p}麻痹了，很难使出招式!	{p} está paralisado! Talvez não consiga se mover!
{p} fell asleep!	{p}は 眠って しまった!	{p}은(는) 잠들어 버렸다!	{p} s'endort !	{p} ist eingeschlafen!	¡{p} se durmió!	{p} si è addormentato!	{p}睡着了!	{p} adormeceu!
{p} was frozen solid!	{p}は こおりついた!	{p}은(는) 얼어붙었다!	{p} est gelé !	{p} wurde eingefroren!	¡{p} fue congelado!	{p} è congelato!	{p}被冻住了!	{p} foi congelado!
{p} flinched!	{p}は ひるんで 技が 出せない!	{p}은(는) 풀이 죽어 기술을 쓸 수 없다!	{p} a la trouille !	{p} ist zurückgeschreckt!	¡{p} se amedrentó!	{p} tentenna!	{p}畏缩了!	{p} recuou!
It's super effective!	効果は ばつぐんだ!	효과가 굉장했다!	C'est super efficace !	Das ist sehr effektiv!	¡Es muy eficaz!	È superefficace!	效果绝佳!	É super eficaz!
It's not very effective...	効果は いまひとつの ようだ…	효과가 별로인 듯하다…	Ce n'est pas très efficace…	Das ist nicht sehr effektiv…	No es muy eficaz…	Non è molto efficace…	效果不好…	Não é muito eficaz…
A critical hit!	急所に 当たった!	급소에 맞았다!	Coup critique !	Ein Volltreffer!	¡Un golpe crítico!	Brutto colpo!	击中了要害!	Um golpe crítico!
Super effective!	ばつぐん!	효과 굉장!	Super efficace !	Sehr effektiv!	¡Muy eficaz!	Superefficace!	效果绝佳!	Super eficaz!
Attack	こうげき	공격	Attaque	Angriff	Ataque	Attacco	攻击	Ataque
Defense	ぼうぎょ	방어	Défense	Verteidigung	Defensa	Difesa	防御	Defesa
Sp. Atk	とくこう	특수공격	Atq. Spé.	Sp.-Angr.	At. Esp.	Att. Sp.	特攻	Atq. Esp.
Sp. Def	とくぼう	특수방어	Déf. Spé.	Sp.-Vert.	Def. Esp.	Dif. Sp.	特防	Def. Esp.
Speed	すばやさ	스피드	Vitesse	Initiative	Velocidad	Velocità	速度	Velocidade
accuracy	命中率	명중률	Précision	Genauigkeit	Precisión	Precisione	命中率	Precisão
HP	HP	HP	PV	KP	PS	PS	HP	PS
Status	変化	변화	Statut	Status	Estado	Stato	变化	Estado
physical	物理	물리	physique	physisch	físico	fisico	物理	físico
special	特殊	특수	spéciale	speziell	especial	speciale	特殊	especial
{m} — {x} · {c} · PWR {n}	{m} — {x} · {c} · 威力 {n}	{m} — {x} · {c} · 위력 {n}	{m} — {x} · {c} · PUI {n}	{m} — {x} · {c} · STÄ {n}	{m} — {x} · {c} · POT {n}	{m} — {x} · {c} · POT {n}	{m} — {x} · {c} · 威力 {n}	{m} — {x} · {c} · POD {n}
{x} · PWR {n}	{x} · 威力 {n}	{x} · 위력 {n}	{x} · PUI {n}	{x} · STÄ {n}	{x} · POT {n}	{x} · POT {n}	{x} · 威力 {n}	{x} · POD {n}
PWR {n}	威力 {n}	위력 {n}	PUI {n}	STÄ {n}	POT {n}	POT {n}	威力 {n}	POD {n}
