{n}× {i}	{i} ×{n}	{i} ×{n}	{n}× {i}	{n}× {i}	{n}× {i}	{n}× {i}	{i}×{n}	{n}× {i}
Found {x}!	{x}を 見つけた!	{x}을(를) 발견했다!	Tu trouves {x} !	{x} gefunden!	¡Encontraste {x}!	Hai trovato {x}!	找到了{x}!	Encontrou {x}!
+{n} coins and {x}.	コイン +{n}、{x}。	코인 +{n}, {x}.	+{n} pièces et {x}.	+{n} Münzen und {x}.	+{n} monedas y {x}.	+{n} monete e {x}.	+{n}金币和{x}。	+{n} moedas e {x}.
You found a {i} in the grass!	草むらで {i}を 見つけた!	풀숲에서 {i}을(를) 발견했다!	Tu trouves un {i} dans l'herbe !	Du findest {i} im Gras!	¡Encontraste un {i} en la hierba!	Hai trovato {i} nell'erba!	在草丛里找到了{i}!	Você achou um {i} no mato!
Champion's Chamber	チャンピオンの 部屋	챔피언의 방	Salle du Maître	Raum des Champs	Sala del Campeón	Sala del Campione	冠军之间	Sala do Campeão
Viridian Forest	トキワのもり	상록숲	Forêt de Jade	Vertania-Wald	Bosque Verde	Bosco Smeraldo	常青森林
Viridian City	トキワシティ	상록시티	Jadielle	Vertania City	Ciudad Verde	Smeraldopoli	常磐市
Pewter City	ニビシティ	회색시티	Argenta	Marmoria City	Ciudad Plateada	Plumbeopoli	深灰市
Cerulean City	ハナダシティ	블루시티	Azuria	Azuria City	Ciudad Celeste	Celestopoli	华蓝市
Vermilion City	クチバシティ	갈색시티	Carmin sur Mer	Orania City	Ciudad Carmín	Aranciopoli	枯叶市
Celadon City	タマムシシティ	무지개시티	Céladopole	Prismania City	Ciudad Azulona	Azzurropoli	玉虹市
Fuchsia City	セキチクシティ	연분홍시티	Parmanie	Fuchsania City	Ciudad Fucsia	Fucsiapoli	浅红市
Saffron City	ヤマブキシティ	노랑시티	Safrania	Saffronia City	Ciudad Azafrán	Zafferanopoli	金黄市
Cinnabar Island	グレンじま	홍련섬	Cramois'Île	Zinnoberinsel	Isla Canela	Isola Cannella	红莲岛
Lavender Town	シオンタウン	보라타운	Lavanville	Lavandia	Pueblo Lavanda	Lavandonia	紫苑镇
Mt. Moon	おつきみやま	달맞이산	Mont Sélénite	Mondberg	Mt. Moon	Monte Luna	月见山
Mt. Moon B2F	おつきみやま B2F	달맞이산 B2F	Mont Sélénite SS2	Mondberg UG2	Mt. Moon S2	Monte Luna P2	月见山 B2F
Rock Tunnel	イワヤマトンネル	돌산터널	Grotte	Felstunnel	Túnel Roca	Tunnel Roccioso	岩山隧道
Pokémon Tower	ポケモンタワー	포켓몬타워	Tour Pokémon	Pokémon-Turm	Torre Pokémon	Torre Pokémon	宝可梦之塔
Seafoam Islands	ふたごじま	쌍둥이섬	Îles Écume	Seeschauminseln	Islas Espuma	Isole Spumarine	双子岛
Silph Co.	シルフカンパニー	실프주식회사	Sylphe SARL	Silph Co.	Silph S.A.	Silph S.p.A.	西尔佛公司
Silph Co. 11F	シルフカンパニー 11F	실프주식회사 11F	Sylphe SARL 11e	Silph Co. 11. St.	Silph S.A. P11	Silph S.p.A. 11P	西尔佛公司 11F
Rocket Hideout	ロケット団の アジト	로켓단 아지트	Repaire Rocket	Rocket-Versteck	Guarida Rocket	Covo Rocket	火箭队秘密基地
Nugget Bridge	ゴールデンボールブリッジ	골든볼브릿지	Pont Pépite	Nugget-Brücke	Puente Pepita	Ponte Pepita	金球大桥
S.S. Anne	サントアンヌ号	상트앙느호	Océane	M.S. Anne	S.S. Anne	M/N Anna	圣特安努号
Indigo Plateau	セキエイこうげん	석영고원	Plateau Indigo	Indigo Plateau	Meseta Añil	Altopiano Blu	石英高原
Cerulean Route	ハナダの 道路	블루시티 도로	Route d'Azuria	Route bei Azuria	Ruta Celeste	Percorso di Celestopoli	华蓝道路
Vermilion Route	クチバの 道路	갈색시티 도로	Route de Carmin	Route bei Orania	Ruta Carmín	Percorso di Aranciopoli	枯叶道路
Brock	タケシ	웅	Pierre	Rocko	Brock	Brock	小刚
Misty	カスミ	이슬	Ondine	Misty	Misty	Misty	小霞
Lt. Surge	マチス	마티스	Major Bob	Major Bob	Lt. Surge	Lt. Surge	马志士
Erika	エリカ	민화	Érika	Erika	Erika	Erika	莉佳
Koga	キョウ	독수	Koga	Koga	Koga	Koga	阿桔
Sabrina	ナツメ	초련	Morgane	Sabrina	Sabrina	Sabrina	娜姿
Blaine	カツラ	강연	Auguste	Pyro	Blaine	Blaine	夏伯
Giovanni	サカキ	비주기	Giovanni	Giovanni	Giovanni	Giovanni	坂木
Blue	グリーン	그린	Blue	Blau	Azul	Blu	青绿
Red	レッド	레드	Red	Rot	Rojo	Rosso	赤红
Lorelei	カンナ	칸나	Olga	Lorelei	Lorelei	Lorelei	科拿
Bruno	シバ	시바	Aldo	Bruno	Bruno	Bruno	希巴
Agatha	キクコ	국화	Agatha	Agathe	Agatha	Agatha	菊子
Lance	ワタル	목호	Peter	Siegfried	Lance	Lance	阿渡
Professor Oak	オーキド博士	오박사	Professeur Chen	Professor Eich	Profesor Oak	Professor Oak	大木博士	Professor Carvalho
You threw some bait.	エサを 投げた。	먹이를 던졌다.	Tu lances un appât.	Du wirfst einen Köder.	Lanzaste cebo.	Hai lanciato un'esca.	扔出了饵料。	Você jogou isca.
You threw a rock.	石を 投げた。	돌을 던졌다.	Tu lances une pierre.	Du wirfst einen Stein.	Lanzaste una piedra.	Hai lanciato un sasso.	扔出了石头。	Você jogou uma pedra.
{p} is eating!	{p}は 食べている!	{p}은(는) 먹고 있다!	{p} mange !	{p} frisst!	¡{p} está comiendo!	{p} sta mangiando!	{p}正在吃!	{p} está comendo!
{p} is angry!	{p}は 怒っている!	{p}은(는) 화가 났다!	{p} est en colère !	{p} ist wütend!	¡{p} está enfadado!	{p} è arrabbiato!	{p}生气了!	{p} está bravo!
